<blocks app="Snap4Arduino 1.2.4
, http://snap4arduino.rocks" version="1"><block-definition s="run ecraft2learn command %&apos;function name&apos; %&apos;inputs&apos;" type="command" category="other"><header></header><code></code><inputs><input type="%txt"></input><input type="%mult%s"></input></inputs><script><block s="doRun"><block s="reportJSFunction"><list><l>function_name</l><l>parameters</l></list><l>if (typeof ecraft2learn === &apos;object&apos;) {&#xD;&#xD;&#xD;&#xD;    ecraft2learn.run(function_name, parameters);&#xD;&#xD;&#xD;&#xD;} else {&#xD;&#xD;&#xD;&#xD;    var script = document.createElement("script");&#xD;&#xD;&#xD;&#xD;    script.type = "text/javascript";&#xD;&#xD;&#xD;&#xD;    script.src = "https://toontalk.github.io/ai-cloud/ecraft2learn-dev.js";&#xD;&#xD;&#xD;&#xD;    script.addEventListener(&apos;load&apos;, function () {&#xD;&#xD;&#xD;&#xD;        ecraft2learn.run(function_name, parameters);&#xD;&#xD;&#xD;&#xD;    });&#xD;&#xD;&#xD;&#xD;    document.head.appendChild(script);&#xD;&#xD;&#xD;&#xD;}</l></block><list><block var="function name"/><block var="inputs"/></list></block></script></block-definition><block-definition s="Send blocks to Arduino %&apos;blocks&apos;" type="command" category="other"><header></header><code></code><inputs><input type="%cmdRing"></input></inputs><script><block s="doRun"><block s="reifyScript"><script><custom-block s="run ecraft2learn command %txt %mult%s"><l>transpile_to_arduino_sketch</l><list><block var="blocks"/></list></custom-block></script><list></list></block><list><block var="blocks"/></list></block></script></block-definition></blocks>