<blocks app="Snap! 4.1, http://snap.berkeley.edu" version="1"><block-definition s="Confidences of buckets %&apos;process confidences&apos;" type="command" category="sensing"><comment x="0" y="0" w="380" collapsed="false">Using the current training reports how confident the system is that what is in front of the camera is each of the bucket names provided in the call of &quot;Train using camera ...&quot;</comment><header></header><code></code><inputs><input type="%cmdRing"></input></inputs><script><custom-block s="run eCraft2Learn command %txt with %mult%s"><l>image_confidences</l><list><block var="process confidences"/></list></custom-block></script></block-definition><block-definition s="run eCraft2Learn command %&apos;command name&apos; with %&apos;inputs&apos;" type="command" category="other"><header></header><code></code><inputs><input type="%txt"></input><input type="%mult%s"></input></inputs><script><block s="doRun"><block s="reportJSFunction"><list><l>function_name</l><l>parameters</l></list><l>if (typeof ecraft2learn === &apos;object&apos;) {&#xD;  ecraft2learn.run(function_name, parameters);&#xD;} else {&#xD;  var script = document.createElement("script");&#xD;  script.type = "text/javascript";&#xD;  script.src = "https://ecraft2learn.github.io/ai/ecraft2learn.js";&#xD;  script.addEventListener(&apos;load&apos;, function () {&#xD;          ecraft2learn.run(function_name, parameters);&#xD;  });&#xD;  document.head.appendChild(script);&#xD;}</l></block><list><block var="command name"/><block var="inputs"/></list></block></script></block-definition></blocks>