<blocks app="Snap! 4.0, http://snap.berkeley.edu" version="1"><block-definition s="Do %&apos;handle response&apos; with what Google sees and show the photo %&apos;show&apos;" type="command" category="sensing"><header></header><code></code><inputs><input type="%cmdRing"></input><input type="%b"></input></inputs><script><custom-block s="Ask %txt to say what it sees then %cmdRing and show the picture %s"><l>Google</l><block s="reifyScript"><script><block s="doRun"><block var="handle response"/><list><custom-block s="map %repRing over %mult%l"><block s="reifyReporter"><autolambda><block s="reportListItem"><l>2</l><block s="reportListItem"><l>2</l><l/></block></block></autolambda><list></list></block><list><block s="reportListItem"><l>2</l><block s="reportListItem"><l>1</l><block s="reportListItem"><l>1</l><block var="response"/></block></block></block></list></custom-block></list></block></script><list><l>response</l></list></block><block var="show"/></custom-block></script></block-definition><block-definition s="Do %&apos;handle response&apos; with what IBM Watson sees and show the photo %&apos;show&apos;" type="command" category="sensing"><header></header><code></code><inputs><input type="%cmdRing"></input><input type="%b"></input></inputs><script><custom-block s="Ask %txt to say what it sees then %cmdRing and show the picture %s"><l>Watson</l><block s="reifyScript"><script><block s="doRun"><block var="handle response"/><list><custom-block s="map %repRing over %mult%l"><block s="reifyReporter"><autolambda><block s="reportListItem"><l>2</l><block s="reportListItem"><l>1</l><l/></block></block></autolambda><list></list></block><list><block var="response"/></list></custom-block></list></block></script><list><l>response</l></list></block><block var="show"/></custom-block></script></block-definition><block-definition s="Do %&apos;handle response&apos; with what Microsoft sees and show the photo %&apos;show&apos;" type="command" category="sensing"><header></header><code></code><inputs><input type="%cmdRing"></input><input type="%b"></input></inputs><script><custom-block s="Ask %txt to say what it sees then %cmdRing and show the picture %s"><l>Microsoft</l><block s="reifyScript"><script><block s="doRun"><block var="handle response"/><list><block s="reportListItem"><l>2</l><block s="reportListItem"><l>1</l><block s="reportListItem"><l>2</l><block s="reportListItem"><l>3</l><block var="responses"/></block></block></block></block></list></block></script><list><l>responses</l></list></block><block var="show"/></custom-block></script></block-definition><block-definition s="list $arrowRight word %&apos;list&apos;" type="reporter" category="operators"><header></header><code></code><inputs><input type="%l"></input></inputs><script><block s="doWarp"><script><block s="doReport"><block s="reportJoinWords"><block var="list"/></block></block></script></block></script></block-definition><block-definition s="word $arrowRight list %&apos;word&apos;" type="reporter" category="operators"><header></header><code></code><inputs><input type="%txt"></input></inputs><script><block s="doWarp"><script><block s="doReport"><block s="reportTextSplit"><block var="word"/><l><option>letter</option></l></block></block></script></block></script></block-definition><block-definition s="sentence $arrowRight list %&apos;text&apos;" type="reporter" category="operators"><header></header><code></code><inputs><input type="%txt"></input></inputs><script><block s="doWarp"><script><block s="doReport"><block s="reportTextSplit"><block var="text"/><l><option>whitespace</option></l></block></block></script></block></script></block-definition><block-definition s="list $arrowRight sentence %&apos;data&apos;" type="reporter" category="operators"><header></header><code></code><inputs><input type="%l"></input></inputs><script><block s="doWarp"><script><block s="doReport"><custom-block s="join words %mult%txt"><block var="data"/></custom-block></block></script></block></script></block-definition><block-definition s="join words %&apos;words&apos;" type="reporter" category="operators"><header></header><code></code><inputs><input type="%mult%txt"></input></inputs><script><block s="doWarp"><script><block s="doIf"><custom-block s="empty? %l"><block s="reportCDR"><block var="words"/></block></custom-block><script><block s="doReport"><block s="reportListItem"><l>1</l><block var="words"/></block></block></script></block><block s="doIf"><block s="reportEquals"><l></l><block s="reportListItem"><l>1</l><block var="words"/></block></block><script><block s="doReport"><custom-block s="join words %mult%txt"><block s="reportCDR"><block var="words"/></block></custom-block></block></script></block><block s="doIf"><block s="reportEquals"><l></l><block s="reportListItem"><l>2</l><block var="words"/></block></block><script><block s="doReport"><custom-block s="join words %mult%txt"><block s="reportCONS"><block s="reportListItem"><l>1</l><block var="words"/></block><block s="reportCDR"><block s="reportCDR"><block var="words"/></block></block></block></custom-block></block></script></block><block s="doReport"><block s="reportJoinWords"><list><block s="reportListItem"><l>1</l><block var="words"/></block><l> </l><custom-block s="join words %mult%txt"><block s="reportCDR"><block var="words"/></block></custom-block></list></block></block></script></block></script><scripts><script x="229.000003" y="196.77778077777774"><block s="reportJoinWords"><list><l></l><l></l></list></block></script></scripts></block-definition><block-definition s="map %&apos;function&apos; over %&apos;lists&apos;" type="reporter" category="lists"><header></header><code></code><inputs><input type="%repRing"></input><input type="%mult%l"></input></inputs><script><block s="doWarp"><script><block s="doDeclareVariables"><list><l>mapone</l><l>mapmany</l></list></block><block s="doSetVar"><l>mapone</l><block s="reifyScript"><script><block s="doIf"><custom-block s="empty? %l"><block var="data"/></custom-block><script><block s="doReport"><block s="reportNewList"><list></list></block></block></script></block><block s="doReport"><block s="reportCONS"><block s="evaluate"><block var="function"/><list><block s="reportListItem"><l>1</l><block var="data"/></block></list></block><block s="evaluate"><block var="mapone"/><list><block s="reportCDR"><block var="data"/></block></list></block></block></block></script><list><l>data</l></list></block></block><block s="doSetVar"><l>mapmany</l><block s="reifyScript"><script><block s="doIf"><custom-block s="empty? %l"><block s="reportListItem"><l>1</l><block var="data lists"/></block></custom-block><script><block s="doReport"><block s="reportNewList"><list></list></block></block></script></block><block s="doReport"><block s="reportCONS"><block s="evaluate"><block var="function"/><custom-block s="map %repRing over %mult%l"><block s="reifyReporter"><autolambda><block s="reportListItem"><l>1</l><l/></block></autolambda><list></list></block><list><block var="data lists"/></list></custom-block></block><block s="evaluate"><block var="mapmany"/><list><custom-block s="map %repRing over %mult%l"><block s="reifyReporter"><autolambda><block s="reportCDR"><l/></block></autolambda><list></list></block><list><block var="data lists"/></list></custom-block></list></block></block></block></script><list><l>data lists</l></list></block></block><block s="doIfElse"><custom-block s="empty? %l"><block s="reportCDR"><block var="lists"/></block></custom-block><script><block s="doReport"><block s="evaluate"><block var="mapone"/><list><block s="reportListItem"><l>1</l><block var="lists"/></block></list></block></block></script><script><block s="doReport"><block s="evaluate"><block var="mapmany"/><list><block var="lists"/></list></block></block></script></block></script></block></script></block-definition><block-definition s="empty? %&apos;data&apos;" type="predicate" category="lists"><header></header><code></code><inputs><input type="%l"></input></inputs><script><block s="doReport"><block s="reportEquals"><block var="data"/><block s="reportNewList"><list></list></block></block></block></script></block-definition><block-definition s="keep items such that %&apos;pred&apos; from %&apos;data&apos;" type="reporter" category="lists"><header></header><code></code><inputs><input type="%predRing"></input><input type="%l"></input></inputs><script><block s="doWarp"><script><block s="doIf"><custom-block s="empty? %l"><block var="data"/></custom-block><script><block s="doReport"><block s="reportNewList"><list></list></block></block></script></block><block s="doIfElse"><block s="evaluate"><block var="pred"/><list><block s="reportListItem"><l>1</l><block var="data"/></block></list></block><script><block s="doReport"><block s="reportCONS"><block s="reportListItem"><l>1</l><block var="data"/></block><custom-block s="keep items such that %predRing from %l"><block var="pred"/><block s="reportCDR"><block var="data"/></block></custom-block></block></block></script><script><block s="doReport"><custom-block s="keep items such that %predRing from %l"><block var="pred"/><block s="reportCDR"><block var="data"/></block></custom-block></block></script></block></script></block></script></block-definition><block-definition s="combine with %&apos;function&apos; items of %&apos;data&apos;" type="reporter" category="lists"><header></header><code></code><inputs><input type="%repRing"></input><input type="%l"></input></inputs><script><block s="doWarp"><script><block s="doIf"><custom-block s="empty? %l"><block s="reportCDR"><block var="data"/></block></custom-block><script><block s="doReport"><block s="reportListItem"><l>1</l><block var="data"/></block></block></script></block><block s="doReport"><block s="evaluate"><block var="function"/><list><block s="reportListItem"><l>1</l><block var="data"/></block><custom-block s="combine with %repRing items of %l"><block var="function"/><block s="reportCDR"><block var="data"/></block></custom-block></list></block></block></script></block></script></block-definition><block-definition s="for each %&apos;item&apos; of %&apos;data&apos; %&apos;action&apos;" type="command" category="lists"><header></header><code></code><inputs><input type="%upvar"></input><input type="%l"></input><input type="%cs"></input></inputs><script><block s="doUntil"><custom-block s="empty? %l"><block var="data"/></custom-block><script><block s="doSetVar"><l>item</l><block s="reportListItem"><l>1</l><block var="data"/></block></block><block s="doRun"><block var="action"/><list><block s="reportListItem"><l>1</l><block var="data"/></block></list></block><block s="doSetVar"><l>data</l><block s="reportCDR"><block var="data"/></block></block></script></block></script></block-definition><block-definition s="Setup camera %&apos;width&apos; %&apos;height&apos;" type="command" category="other"><header></header><code></code><inputs><input type="%n"></input><input type="%n"></input></inputs><script><custom-block s="run eCraft2Learn command %txt with %mult%s"><l>setup_camera</l><list><block var="width"/><block var="height"/></list></custom-block></script></block-definition><block-definition s="run eCraft2Learn command %&apos;command name&apos; with %&apos;inputs&apos;" type="command" category="other"><header></header><code></code><inputs><input type="%txt"></input><input type="%mult%s"></input></inputs><script><block s="doRun"><block s="reportJSFunction"><list><l>function_name</l><l>parameters</l></list><l>"use strict";&#xD;&#xD;&#xD;&#xD;&#xD;&#xD;&#xD;if (typeof ecraft2learn === &apos;object&apos;) {&#xD;&#xD;&#xD;&#xD;&#xD;&#xD;&#xD;    ecraft2learn.snap_context = this;&#xD;&#xD;&#xD;&#xD;&#xD;&#xD;&#xD;    ecraft2learn.run(function_name, parameters);&#xD;&#xD;&#xD;&#xD;&#xD;&#xD;&#xD;} else {&#xD;&#xD;&#xD;&#xD;&#xD;&#xD;&#xD;    var script = document.createElement("script");&#xD;&#xD;&#xD;&#xD;&#xD;&#xD;&#xD;    script.type = "text/javascript";&#xD;&#xD;&#xD;&#xD;&#xD;&#xD;&#xD;    script.src = "https://toontalk.github.io/ai-cloud/ecraft2learn.js";&#xD;&#xD;&#xD;&#xD;&#xD;&#xD;&#xD;    script.addEventListener(&apos;load&apos;, function () {&#xD;&#xD;&#xD;&#xD;&#xD;&#xD;&#xD;        ecraft2learn.snap_context = this;&#xD;&#xD;&#xD;&#xD;&#xD;&#xD;&#xD;        ecraft2learn.run(function_name, parameters);&#xD;&#xD;&#xD;&#xD;&#xD;&#xD;&#xD;    }.bind(this));&#xD;&#xD;&#xD;&#xD;&#xD;&#xD;&#xD;    document.head.appendChild(script);&#xD;&#xD;&#xD;&#xD;&#xD;&#xD;&#xD;}</l></block><list><block var="command name"/><block var="inputs"/></list></block></script></block-definition><block-definition s="call eCraft2Learn reporter %&apos;reporter name&apos; with %&apos;inputs&apos;" type="reporter" category="other"><header></header><code></code><inputs><input type="%txt"></input><input type="%mult%s"></input></inputs><script><block s="doReport"><block s="evaluate"><block s="reportJSFunction"><list><l>function_name</l><l>parameters</l></list><l>if (typeof ecraft2learn === &apos;object&apos;) {&#xD;&#xD;&#xD;&#xD;&#xD;&#xD;&#xD;&#xD;&#xD;&#xD;&#xD;&#xD;    return ecraft2learn.run(function_name, parameters);&#xD;&#xD;&#xD;&#xD;&#xD;&#xD;&#xD;&#xD;&#xD;&#xD;&#xD;&#xD;} else {&#xD;&#xD;&#xD;&#xD;&#xD;&#xD;&#xD;&#xD;&#xD;&#xD;&#xD;&#xD;    alert("Any eCraft2Learn command must be run before the " + function_name + " reporter.");&#xD;&#xD;&#xD;&#xD;&#xD;&#xD;&#xD;&#xD;&#xD;&#xD;&#xD;&#xD;    return 0;&#xD;&#xD;&#xD;&#xD;&#xD;&#xD;&#xD;&#xD;&#xD;&#xD;&#xD;&#xD;}</l></block><list><block var="reporter name"/><block var="inputs"/></list></block></block></script></block-definition><block-definition s="Watson image key" type="reporter" category="other"><header></header><code></code><inputs></inputs><script><block s="doReport"><l>Enter your key here</l></block></script></block-definition><block-definition s="Microsoft image key" type="reporter" category="other"><header></header><code></code><inputs></inputs><script><block s="doReport"><l>Enter your key here</l></block></script></block-definition><block-definition s="Google image key" type="reporter" category="other"><header></header><code></code><inputs></inputs><script><block s="doReport"><l>Enter your key here</l></block></script></block-definition><block-definition s="Ask %&apos;cloud provider&apos; to say what it sees then %&apos;then receive response&apos; and show the picture %&apos;show photo?&apos;" type="command" category="other"><header></header><code></code><inputs><input type="%txt"></input><input type="%cmdRing"></input><input type="%s"></input></inputs><script><custom-block s="run eCraft2Learn command %txt with %mult%s"><l>take_picture_and_analyse</l><list><block var="cloud provider"/><block var="show photo?"/><block var="then receive response"/></list></custom-block></script></block-definition></blocks>