<blocks app="Snap! 4.1, http://snap.berkeley.edu" version="1"><block-definition s="run eCraft2Learn command %&apos;command name&apos; with %&apos;inputs&apos;" type="command" category="other"><header></header><code></code><inputs><input type="%txt"></input><input type="%mult%s"></input></inputs><script><block s="doRun"><block s="reportJSFunction"><list><l>function_name</l><l>parameters</l></list><l>if (typeof ecraft2learn === &apos;object&apos;) {&#xD;  ecraft2learn.run(function_name, parameters);&#xD;} else {&#xD;  var script = document.createElement("script");&#xD;  script.type = "text/javascript";&#xD;  script.src = "https://ecraft2learn.github.io/ai/ecraft2learn.js";&#xD;  script.addEventListener(&apos;load&apos;, function () {&#xD;          ecraft2learn.run(function_name, parameters);&#xD;  });&#xD;  document.head.appendChild(script);&#xD;}</l></block><list><block var="command name"/><block var="inputs"/></list></block></script></block-definition><block-definition s="Train using camera with buckets %&apos;bucket names&apos; add to any earlier training %&apos;add to previous training&apos;" type="command" category="sensing"><comment x="0" y="0" w="343.33333333333337" collapsed="false">This will launch a training window where you can show the system examples of each of the labels in &apos;bucket names&apos;. If &apos;add to previous training&apos; is false then training will start over from scratch.</comment><header></header><code></code><inputs><input type="%l"></input><input type="%b"></input></inputs><script><custom-block s="run eCraft2Learn command %txt with %mult%s"><l>train_using_camera</l><list><block var="bucket names"/><block var="add to previous training"/></list></custom-block></script></block-definition></blocks>