<blocks app="Snap! 4.1, http://snap.berkeley.edu" version="1"><block-definition s="Current image label confidences %&apos;process confidences&apos;" type="command" category="sensing"><comment w="380" collapsed="false">Using the current training reports how confident the system is that what is in front of the camera is each of the bucket names provided in the call of &quot;Train using camera ...&quot;</comment><header></header><code></code><translations></translations><inputs><input type="%cmdRing"></input></inputs><script><custom-block s="run eCraft2Learn command %txt with %mult%s"><l>image_confidences</l><list><block var="process confidences"/></list></custom-block></script></block-definition></blocks>