<blocks app="Snap! 4.1, http://snap.berkeley.edu" version="1"><block-definition s="IBM Watson scores" type="reporter" category="sensing"><comment x="0" y="0" w="390" collapsed="true">Reports the confidence scores for the list reported by &apos;IBM Watson classes&apos;.</comment><header></header><code></code><inputs></inputs><script><block s="doReport"><custom-block s="Current image property from %txt get %mult%txt"><l>IBM Watson</l><list><l>score</l></list></custom-block></block></script></block-definition><block-definition s="Listen %&apos;respond as heard&apos; then finally %&apos;handle response&apos; but if nothing heard %&apos;handle nothing said&apos; (requires Microsoft speech key)" type="command" category="sensing"><comment x="0" y="0" w="352.00000000000006" collapsed="false">As speech is recognised &apos;respond as heard&apos; is called with what it thinks it has heard. &apos;handle response&apos; is called when it thinks the speaking is finished.</comment><header></header><code></code><inputs><input type="%cmdRing"></input><input type="%cmdRing"></input><input type="%cmdRing"></input></inputs><script><custom-block s="run eCraft2Learn command %txt with %mult%s"><l>start_microsoft_speech_recognition</l><list><block var="respond as heard"/><block var="handle response"/><block var="handle nothing said"/></list></custom-block></script></block-definition><block-definition s="read URL %&apos;URL&apos; then %&apos;receive contents&apos; or if error %&apos;receive error&apos; using an access key if needed %&apos;key&apos; in JSON format %&apos;JSON&apos;" type="command" category="sensing"><comment x="0" y="0" w="383" collapsed="false">Reads the contents of &apos;URL&apos; and then calls &apos;receive contents&apos; with that text (in HTML). If there was an error &apos;receive error&apos; is called instead. &apos;key&apos; needs only be provided if the URL requires as access key.</comment><header></header><code></code><inputs><input type="%txt"></input><input type="%cmdRing"></input><input type="%cmdRing"></input><input type="%txt"></input><input type="%b"></input></inputs><script><custom-block s="run eCraft2Learn command %txt with %mult%s"><l>read_url</l><list><block var="URL"/><block var="receive contents"/><block var="receive error"/><block var="key"/><block var="JSON"/></list></custom-block></script></block-definition><block-definition s="Setup camera %&apos;width&apos; %&apos;height&apos;" type="command" category="other"><comment x="0" y="0" w="314" collapsed="true">Specifies the resolution of the image sent for recogntion.</comment><header></header><code></code><inputs><input type="%n"></input><input type="%n"></input></inputs><script><custom-block s="run eCraft2Learn command %txt with %mult%s"><l>setup_camera</l><list><block var="width"/><block var="height"/></list></custom-block></script></block-definition><block-definition s="Listen %&apos;respond as heard&apos; then finally %&apos;handle response&apos; but if nothing heard %&apos;handle nothing said&apos;" type="command" category="sensing"><header></header><code></code><inputs><input type="%cmdRing"></input><input type="%cmdRing"></input><input type="%cmdRing"></input></inputs><script><custom-block s="run eCraft2Learn command %txt with %mult%s"><l>start_microsoft_speech_recognition</l><list><block var="respond as heard"/><block var="handle response"/><block var="handle nothing said"/></list></custom-block></script></block-definition><block-definition s="listen for a number %&apos;what to do with the number&apos; %&apos;what to do if not a number&apos;" type="command" category="sensing"><header></header><code></code><inputs><input type="%cmdRing"></input><input type="%cmdRing"></input></inputs><script><custom-block s="Listen then %cmdRing but if error %cmdRing"><block s="reifyScript"><script><block s="doIfElse"><block s="reportIsA"><block var="spoken"/><l><option>number</option></l></block><script><block s="doRun"><block var="what to do with the number"/><list><block var="spoken"/></list></block></script><script><block s="doRun"><block var="what to do if not a number"/><list><block var="spoken"/></list></block></script></block></script><list><l>spoken</l></list></block><block var="what to do if not a number"/></custom-block></script></block-definition><block-definition s="set language to %&apos;language&apos;" type="command" category="other"><header></header><code></code><inputs><input type="%s"></input></inputs><script><block s="doRun"><block s="reportJSFunction"><list><l>lang</l></list><l>if (window.speech_recognition) {&#xD;   window.speech_recognition.lang = lang;&#xD;}</l></block><list><block var="language"/></list></block></script></block-definition><block-definition s="run eCraft2Learn command %&apos;command name&apos; with %&apos;inputs&apos;" type="command" category="other"><header></header><code></code><inputs><input type="%txt"></input><input type="%mult%s"></input></inputs><script><block s="doRun"><block s="reportJSFunction"><list><l>function_name</l><l>parameters</l></list><l>if (typeof ecraft2learn === &apos;object&apos;) {&#xD;&#xD;&#xD;&#xD;&#xD;&#xD;&#xD;&#xD;&#xD;&#xD;&#xD;&#xD;  ecraft2learn.run(function_name, parameters);&#xD;&#xD;&#xD;&#xD;&#xD;&#xD;&#xD;&#xD;&#xD;&#xD;&#xD;&#xD;} else {&#xD;&#xD;&#xD;&#xD;&#xD;&#xD;&#xD;&#xD;&#xD;&#xD;&#xD;&#xD;  var script = document.createElement("script");&#xD;&#xD;&#xD;&#xD;&#xD;&#xD;&#xD;&#xD;&#xD;&#xD;&#xD;&#xD;  script.type = "text/javascript";&#xD;&#xD;&#xD;&#xD;&#xD;&#xD;&#xD;&#xD;&#xD;&#xD;&#xD;&#xD;  script.src = "https://ecraft2learn.github.io/ai/ecraft2learn.js";&#xD;&#xD;&#xD;&#xD;&#xD;&#xD;&#xD;&#xD;&#xD;&#xD;&#xD;&#xD;  script.addEventListener(&apos;load&apos;, function () {&#xD;&#xD;&#xD;&#xD;&#xD;&#xD;&#xD;&#xD;&#xD;&#xD;&#xD;&#xD;          ecraft2learn.run(function_name, parameters);&#xD;&#xD;&#xD;&#xD;&#xD;&#xD;&#xD;&#xD;&#xD;&#xD;&#xD;&#xD;  });&#xD;&#xD;&#xD;&#xD;&#xD;&#xD;&#xD;&#xD;&#xD;&#xD;&#xD;&#xD;  document.head.appendChild(script);&#xD;&#xD;&#xD;&#xD;&#xD;&#xD;&#xD;&#xD;&#xD;&#xD;&#xD;&#xD;}</l></block><list><block var="command name"/><block var="inputs"/></list></block></script></block-definition><block-definition s="call eCraft2Learn reporter %&apos;reporter name&apos; with %&apos;inputs&apos;" type="reporter" category="other"><header></header><code></code><inputs><input type="%txt"></input><input type="%mult%s"></input></inputs><script><block s="doReport"><block s="evaluate"><block s="reportJSFunction"><list><l>function_name</l><l>parameters</l></list><l>if (typeof ecraft2learn === &apos;object&apos;) {&#xD;&#xD;&#xD;&#xD;&#xD;&#xD;&#xD;&#xD;&#xD;&#xD;&#xD;&#xD;    return ecraft2learn.run(function_name, parameters);&#xD;&#xD;&#xD;&#xD;&#xD;&#xD;&#xD;&#xD;&#xD;&#xD;&#xD;&#xD;} else {&#xD;&#xD;&#xD;&#xD;&#xD;&#xD;&#xD;&#xD;&#xD;&#xD;&#xD;&#xD;    alert("Any eCraft2Learn command must be run before the " + function_name + " reporter.");&#xD;&#xD;&#xD;&#xD;&#xD;&#xD;&#xD;&#xD;&#xD;&#xD;&#xD;&#xD;    return 0;&#xD;&#xD;&#xD;&#xD;&#xD;&#xD;&#xD;&#xD;&#xD;&#xD;&#xD;&#xD;}</l></block><list><block var="reporter name"/><block var="inputs"/></list></block></block></script></block-definition><block-definition s="speak %&apos;message&apos; then %&apos;what to do when finished&apos; with pitch %&apos;pitch&apos; with rate %&apos;rate&apos; with voice %&apos;voice&apos; with volume %&apos;volume&apos; in language %&apos;language code&apos;" type="command" category="sound"><comment x="0" y="0" w="280" collapsed="false">Speaks &apos;message&apos;. Optionally you can provide a script to run when finished, the pitch (a positive number), rate (a number between .1 and 2), voice (depends upon what voices are accessible from the browser - see &apos;get voices&apos;), volume (a positive number), and language code (a BCP 47 language tag, e.g. en-US).</comment><header></header><code></code><inputs><input type="%s"></input><input type="%cmdRing"></input><input type="%n"></input><input type="%n"></input><input type="%n"></input><input type="%n"></input><input type="%txt"></input></inputs><script><custom-block s="run eCraft2Learn command %txt with %mult%s"><l>speak</l><list><block var="message"/><block var="pitch"/><block var="rate"/><block var="voice"/><block var="volume"/><block var="language code"/><block var="what to do when finished"/></list></custom-block></script></block-definition><block-definition s="Get voice names" type="reporter" category="sound"><header></header><code></code><inputs></inputs><script><custom-block s="Load eCraft2Learn library"></custom-block><block s="doReport"><custom-block s="call eCraft2Learn reporter %txt with %mult%s"><l>get_voice_names</l><list></list></custom-block></block></script></block-definition><block-definition s="voice name of %&apos;voice number&apos;" type="reporter" category="sound"><header></header><code></code><inputs><input type="%n"></input></inputs><script><custom-block s="Load eCraft2Learn library"></custom-block><block s="doReport"><custom-block s="call eCraft2Learn reporter %txt with %mult%s"><l>get_voice_name</l><list><block var="voice number"/></list></custom-block></block></script></block-definition><block-definition s="Stop speech recognition" type="command" category="sensing"><comment x="0" y="0" w="282" collapsed="true">Stops the current attempt to recognize what is spoken.</comment><header></header><code></code><inputs></inputs><script><custom-block s="run eCraft2Learn command %txt with %mult%s"><l>stop_speech_recognition</l><list></list></custom-block></script></block-definition><block-definition s="Listen then %&apos;handle response&apos; but if error %&apos;handle error&apos;" type="command" category="sensing"><comment x="0" y="0" w="300" collapsed="false">Listens to the microphone for speech. The first script is run with the recognized text unless an error is encountered then the second script is called with text describing the error.</comment><header></header><code></code><inputs><input type="%cmdRing"></input><input type="%cmdRing"></input></inputs><script><custom-block s="run eCraft2Learn command %txt with %mult%s"><l>start_speech_recognition</l><list><block var="handle response"/><block var="handle error"/></list></custom-block></script></block-definition><block-definition s="Ask %&apos;cloud provider&apos; to say what it sees then %&apos;then receive response&apos; and show the picture %&apos;show photo?&apos;" type="command" category="sensing"><header></header><code></code><inputs><input type="%txt"><options>Google
Microsoft
IBM Watson</options></input><input type="%cmdRing"></input><input type="%s"></input></inputs><script><custom-block s="run eCraft2Learn command %txt with %mult%s"><l>take_picture_and_analyse</l><list><block var="cloud provider"/><block var="show photo?"/><block var="then receive response"/></list></custom-block></script></block-definition><block-definition s="Do %&apos;handle response&apos; with what Google sees and show the photo %&apos;show&apos;" type="command" category="sensing"><comment x="0" y="0" w="258" collapsed="false">Takes a picture and runs script with a list of tags returned by Google. Optionally can show the image.</comment><header></header><code></code><inputs><input type="%cmdRing"></input><input type="%b"></input></inputs><script><custom-block s="Ask %txt to say what it sees then %cmdRing and show the picture %s"><l>Google</l><block s="reifyScript"><script><block s="doRun"><block var="handle response"/><list><custom-block s="Google labels"></custom-block></list></block></script><list><l>response</l></list></block><block var="show"/></custom-block></script></block-definition><block-definition s="Do %&apos;handle response&apos; with what IBM Watson sees and show the photo %&apos;show&apos;" type="command" category="sensing"><comment x="0" y="0" w="319" collapsed="false">Takes a picture and runs script with a list of tags returned by IBM Watson. Optionally can show the image.</comment><header></header><code></code><inputs><input type="%cmdRing"></input><input type="%b"></input></inputs><script><custom-block s="Ask %txt to say what it sees then %cmdRing and show the picture %s"><l>Watson</l><block s="reifyScript"><script><block s="doRun"><block var="handle response"/><list><custom-block s="IBM Watson classes"></custom-block></list></block></script><list><l>response</l></list></block><block var="show"/></custom-block></script></block-definition><block-definition s="Do %&apos;handle response&apos; with what Microsoft sees and show the photo %&apos;show&apos;" type="command" category="sensing"><comment x="0" y="0" w="423" collapsed="false">Takes a picture and runs script with a list of tags returned by Microsoft. Optionally can show the image.</comment><header></header><code></code><inputs><input type="%cmdRing"></input><input type="%b"></input></inputs><script><custom-block s="Ask %txt to say what it sees then %cmdRing and show the picture %s"><l>Microsoft</l><block s="reifyScript"><script><block s="doRun"><block var="handle response"/><list><custom-block s="Microsoft labels"></custom-block></list></block></script><list><l>responses</l></list></block><block var="show"/></custom-block></script></block-definition><block-definition s="IBM Watson image descriptions of new photo" type="reporter" category="sensing"><comment x="0" y="0" w="463" collapsed="true">Takes a picture, asks IBM Watson to classify it, and reports the response when it arrives.</comment><header></header><code></code><inputs></inputs><script><block s="doDeclareVariables"><list><l>response</l></list></block><block s="doSetVar"><l>response</l><block s="reportBoolean"><l><bool>false</bool></l></block></block><custom-block s="Do %cmdRing with what IBM Watson sees and show the photo %b"><block s="reifyScript"><script><block s="doSetVar"><l>response</l><block var="r"/></block></script><list><l>r</l></list></block><block s="reportBoolean"><l><bool>false</bool></l></block></custom-block><block s="doWaitUntil"><block s="reportNot"><block s="reportEquals"><block var="response"/><block s="reportBoolean"><l><bool>false</bool></l></block></block></block></block><block s="doReport"><block var="response"/></block></script></block-definition><block-definition s="Google image descriptions of new photo" type="reporter" category="sensing"><comment x="0" y="0" w="413" collapsed="false">Takes a picture, asks Google to classify it, and reports the response when it arrives.</comment><header></header><code></code><inputs></inputs><script><block s="doDeclareVariables"><list><l>response</l></list></block><block s="doSetVar"><l>response</l><block s="reportBoolean"><l><bool>false</bool></l></block></block><custom-block s="Do %cmdRing with what Google sees and show the photo %b"><block s="reifyScript"><script><block s="doSetVar"><l>response</l><block var="r"/></block></script><list><l>r</l></list></block><block s="reportBoolean"><l><bool>false</bool></l></block></custom-block><block s="doWaitUntil"><block s="reportNot"><block s="reportEquals"><block var="response"/><block s="reportBoolean"><l><bool>false</bool></l></block></block></block></block><block s="doReport"><block var="response"/></block></script></block-definition><block-definition s="Microsoft image descriptions of new photo" type="reporter" category="sensing"><comment x="0" y="0" w="519" collapsed="false">Takes a picture, asks Microsoft  to classify it, and reports the response when it arrives.</comment><header></header><code></code><inputs></inputs><script><block s="doDeclareVariables"><list><l>response</l></list></block><block s="doSetVar"><l>response</l><block s="reportBoolean"><l><bool>false</bool></l></block></block><custom-block s="Do %cmdRing with what Microsoft sees and show the photo %b"><block s="reifyScript"><script><block s="doSetVar"><l>response</l><block var="r"/></block></script><list><l>r</l></list></block><block s="reportBoolean"><l><bool>false</bool></l></block></custom-block><block s="doWaitUntil"><block s="reportNot"><block s="reportEquals"><block var="response"/><block s="reportBoolean"><l><bool>false</bool></l></block></block></block></block><block s="doReport"><block var="response"/></block></script></block-definition><block-definition s="Recognize new photo %&apos;cloud provider&apos;" type="reporter" category="sensing"><comment x="0" y="0" w="275" collapsed="false">Takes a photo and ask the cloud provider to recognize it.&#xD;Reports the response when it arrives.</comment><header></header><code></code><inputs><input type="%s"><options>Google
Microsoft
IBM Watson</options></input></inputs><script><block s="doDeclareVariables"><list><l>response</l></list></block><block s="doSetVar"><l>response</l><block s="reportBoolean"><l><bool>false</bool></l></block></block><custom-block s="Ask %txt to say what it sees then %cmdRing and show the picture %s"><block var="cloud provider"/><block s="reifyScript"><script><block s="doSetVar"><l>response</l><block var="r"/></block></script><list><l>r</l></list></block><block s="reportBoolean"><l><bool>false</bool></l></block></custom-block><block s="doWaitUntil"><block s="reportNot"><block s="reportEquals"><block var="response"/><block s="reportBoolean"><l><bool>false</bool></l></block></block></block></block><block s="doReport"><block var="response"/></block></script></block-definition><block-definition s="Current image property from %&apos;cloud provider&apos; get %&apos;property name or names&apos;" type="reporter" category="sensing"><comment x="0" y="0" w="344" collapsed="false">Reports a property of the most recent recognition by the AI cloud provider.&#xD;Visit tinyurl.com/snap-ai-docs to learn more.</comment><header></header><code></code><inputs><input type="%txt"><options>Google
Microsoft
IBM Watson</options></input><input type="%mult%txt"></input></inputs><script><custom-block s="Load eCraft2Learn library"></custom-block><block s="doReport"><custom-block s="call eCraft2Learn reporter %txt with %mult%s"><l>image_property</l><list><block var="cloud provider"/><block var="property name or names"/></list></custom-block></block></script></block-definition><block-definition s="IBM Watson label scores" type="reporter" category="sensing"><comment x="0" y="0" w="390" collapsed="true">Reports the confidence scores for the list reported by &apos;IBM Watson classes&apos;.</comment><header></header><code></code><inputs></inputs><script><block s="doReport"><custom-block s="Current image property from %txt get %mult%txt"><l>IBM Watson</l><list><l>score</l></list></custom-block></block></script></block-definition><block-definition s="IBM Watson classes" type="reporter" category="sensing"><comment x="0" y="0" w="331" collapsed="false">Reports a list of tags from IBM Watson from the last time it was asked to recognize an image.</comment><header></header><code></code><inputs></inputs><script><block s="doReport"><custom-block s="Current image property from %txt get %mult%txt"><l>IBM Watson</l><list><l>class</l></list></custom-block></block></script></block-definition><block-definition s="Microsoft first caption" type="reporter" category="sensing"><comment x="0" y="0" w="403" collapsed="true">Reports the best caption from the last image recognition that Microsoft did.</comment><header></header><code></code><inputs></inputs><script><block s="doDeclareVariables"><list><l>captions</l></list></block><block s="doSetVar"><l>captions</l><custom-block s="Current image property from %txt get %mult%txt"><l>Microsoft</l><list><l>description</l><l>captions</l><l>text</l></list></custom-block></block><block s="doIf"><block s="reportIsA"><block var="captions"/><l><option>list</option></l></block><script><block s="doReport"><block s="reportListItem"><l>1</l><block var="captions"/></block></block></script></block><block s="doReport"><block var="captions"/></block></script></block-definition><block-definition s="Google labels" type="reporter" category="sensing"><comment x="0" y="0" w="324" collapsed="true">Reports the tags from the last image recognition by Google.</comment><header></header><code></code><inputs></inputs><script><block s="doReport"><custom-block s="Current image property from %txt get %mult%txt"><l>Google</l><list><l>labelAnnotations</l><l>description</l></list></custom-block></block></script></block-definition><block-definition s="Google label scores" type="reporter" category="sensing"><comment x="0" y="0" w="297" collapsed="false">Reports the confidence scores of the &apos;Google labels&apos; &#xD;from the last image recognition by Google.</comment><header></header><code></code><inputs></inputs><script><block s="doReport"><custom-block s="Current image property from %txt get %mult%txt"><l>Google</l><list><l>labelAnnotations</l><l>score</l></list></custom-block></block></script></block-definition><block-definition s="Microsoft labels" type="reporter" category="sensing"><comment x="0" y="0" w="334" collapsed="true">Reports the tags of the last image recognition by Microsoft.</comment><header></header><code></code><inputs></inputs><script><block s="doReport"><custom-block s="Current image property from %txt get %mult%txt"><l>Microsoft</l><list><l>tags</l><l>name</l></list></custom-block></block></script></block-definition><block-definition s="Use camera to make costume" type="command" category="looks"><comment x="0" y="0" w="501" collapsed="true">Takes a picture, adds it as a costume of the current sprite, and switches to showing the new costume.</comment><header></header><code></code><inputs></inputs><script><custom-block s="run eCraft2Learn command %txt with %mult%s"><l>add_photo_as_costume</l><list></list></custom-block></script></block-definition><block-definition s="Show current photo %&apos;cloud provider&apos;" type="command" category="looks"><comment x="0" y="0" w="364" collapsed="false">Adds the photo taken when the AI cloud provider was last asked to reocognize. &#xD;Photo is added as a costume of the current sprite.</comment><header></header><code></code><inputs><input type="%txt"><options>Google
Microsoft
IBM Watson</options></input></inputs><script><custom-block s="run eCraft2Learn command %txt with %mult%s"><l>add_current_photo_as_costume</l><list><block var="cloud provider"/></list></custom-block></script></block-definition><block-definition s="Watson image key" type="reporter" category="other"><header></header><code></code><inputs></inputs><script><block s="doReport"><l>Enter your key here</l></block></script></block-definition><block-definition s="Speak (using Mary TTS) %&apos;message&apos; with voice %&apos;voice number&apos; at %&apos;volume&apos; volume and then %&apos;do when finished&apos;" type="command" category="sound"><comment x="0" y="0" w="375" collapsed="false">Says message using &apos;voice number&apos;. &apos;Volume&apos; is between 0 and 1. If provided will run the blocks in &apos;do when finished&apos; when speech has completed.</comment><header></header><code></code><inputs><input type="%txt"></input><input type="%n"></input><input type="%n"></input><input type="%cmdRing"></input></inputs><script><custom-block s="run eCraft2Learn command %txt with %mult%s"><l>speak_using_mary_tts</l><list><block var="message"/><block var="volume"/><block var="voice number"/><block var="do when finished"/></list></custom-block></script></block-definition><block-definition s="Get Mary TTS voices" type="reporter" category="sound"><header></header><code></code><inputs></inputs><script><custom-block s="Load eCraft2Learn library"></custom-block><block s="doReport"><custom-block s="call eCraft2Learn reporter %txt with %mult%s"><l>get_mary_tts_voice_names</l><list></list></custom-block></block></script></block-definition><block-definition s="Get Mary TTS voice name %&apos;voice number&apos;" type="reporter" category="sound"><header></header><code></code><inputs><input type="%n"></input></inputs><script><custom-block s="Load eCraft2Learn library"></custom-block><block s="doReport"><custom-block s="call eCraft2Learn reporter %txt with %mult%s"><l>get_mary_tts_voice_name</l><list><block var="voice number"/></list></custom-block></block></script></block-definition><block-definition s="Speak %&apos;message&apos; then %&apos;to do when finished speaking&apos;" type="command" category="sound"><header></header><code></code><inputs><input type="%txt"></input><input type="%cmdRing"></input></inputs><script><custom-block s="run eCraft2Learn command %txt with %mult%s"><l>speak_using_browser_voices_or_mary_tts</l><list><block var="message"/><block var="to do when finished speaking"/></list></custom-block></script></block-definition><block-definition s="Speak %&apos;message&apos;" type="command" category="sound"><comment x="0" y="0" w="331" collapsed="false">Use the browser&apos;s default voice or Mary TTS to speak the &apos;message&apos;.</comment><header></header><code></code><inputs><input type="%txt"></input></inputs><script><custom-block s="run eCraft2Learn command %txt with %mult%s"><l>speak_using_browser_voices_or_mary_tts</l><list><block var="message"/><l></l></list></custom-block></script></block-definition><block-definition s="Speak with random voice %&apos;message&apos; then %&apos;do when finished&apos;" type="command" category="sound"><header></header><code></code><inputs><input type="%txt"></input><input type="%cmdRing"></input></inputs><script><block s="doDeclareVariables"><list><l>voice</l></list></block><block s="doIfElse"><block s="reportGreaterThan"><block s="reportListLength"><custom-block s="Get voice names"></custom-block></block><l>0</l></block><script><block s="doSetVar"><l>voice</l><block s="reportRandom"><l>1</l><block s="reportListLength"><custom-block s="Get voice names"></custom-block></block></block></block><block s="bubble"><block s="reportJoinWords"><list><l>I saying "</l><block var="message"/><l>" using </l><custom-block s="voice name of %n"><block var="voice"/></custom-block><l> with </l><block var="pitch"/><l>% pitch at </l><block var="rate"/><l>% rate.</l></list></block></block><custom-block s="speak %s then %cmdRing with pitch %n with rate %n with voice %n with volume %n in language %txt"><block var="message"/><block var="do when finished"/><l></l><l></l><block var="voice"/><l></l><l></l></custom-block></script><script><block s="doSetVar"><l>voice</l><block s="reportRandom"><l>1</l><block s="reportListLength"><custom-block s="Get Mary TTS voices"></custom-block></block></block></block><block s="bubble"><block s="reportJoinWords"><list><l>I saying "</l><block var="message"/><l>" using </l><custom-block s="Get Mary TTS voice name %n"><block var="voice"/></custom-block></list></block></block><block s="errorObsolete"></block></script></block></script></block-definition><block-definition s="Listen %&apos;respond as heard&apos; then finally %&apos;handle final response&apos; but if error %&apos;handle error&apos; with language %&apos;language&apos; with %&apos;max alternatives&apos; maximum alternatives process alternatives %&apos;handle alternatives&apos; and process confidences %&apos;handle confidences&apos;" type="command" category="sensing"><comment x="0" y="0" w="463.99999999999994" collapsed="false">As words are recognised &apos;respond as heard&apos; is passed what the recogniser thinks it has heard. When it thinks you are finished speaking the &apos;handle final response&apos; is given the final text. If an error occurs such as &apos;no-speech&apos; then the error description is given to &apos;handle error&apos;. &apos;language&apos; can be specified in the format language-dialect, e.g. en-GB. You can ask for a list of alternative responses to what was spoken that contains at most &apos;max alternatives&apos;. &apos;handle alternatives&apos; is given a list of alternatives. &apos;handle confidences&apos; is given a list of numbers between 0 and 1 where 1 is certainty.</comment><header></header><code></code><inputs><input type="%cmdRing"></input><input type="%cmdRing"></input><input type="%cmdRing"></input><input type="%txt"></input><input type="%n"></input><input type="%cmdRing"></input><input type="%cmdRing"></input></inputs><script><custom-block s="run eCraft2Learn command %txt with %mult%s"><l>start_speech_recognition</l><list><block var="handle final response"/><block var="handle error"/><block var="respond as heard"/><block var="language"/><block var="max alternatives"/><block var="handle alternatives"/><block var="handle confidences"/></list></custom-block></script></block-definition><block-definition s="Listen %&apos;respond as heard&apos; then finally %&apos;handle final response&apos; but if error %&apos;handle error&apos;" type="command" category="sensing"><comment x="0" y="0" w="271" collapsed="false">As words are recognised &apos;respond as heard&apos; is passed what the recogniser thinks it has heard. When it thinks you are finished speaking the &apos;handle final response&apos; is given the final text. If an error occurs such as &apos;no-speech&apos; then the error description is given to &apos;handle error&apos;.</comment><header></header><code></code><inputs><input type="%cmdRing"></input><input type="%cmdRing"></input><input type="%cmdRing"></input></inputs><script><custom-block s="run eCraft2Learn command %txt with %mult%s"><l>start_speech_recognition</l><list><block var="handle final response"/><block var="handle error"/><block var="respond as heard"/></list></custom-block></script></block-definition><block-definition s="Broadcast speech recognition results and report any errors %&apos;report&apos;" type="command" category="sensing"><comment x="0" y="0" w="535" collapsed="false">When something is spoken this broadcasts &apos;heard something&apos; and sets &apos;last thing spoken&apos; to the text that was spoken.&#xD;You will need to create two new variables for this to work: &apos;last thing spoken&apos; and &apos;speech recognition error&apos;. Optionally reports errors.</comment><header></header><code></code><inputs><input type="%b"></input></inputs><script><custom-block s="Listen then %cmdRing but if error %cmdRing"><block s="reifyScript"><script><block s="doSetVar"><l>last thing spoken</l><block var="spoken"/></block><block s="doBroadcast"><l>heard something</l></block><block s="doWait"><l>.1</l></block><custom-block s="Broadcast speech recognition results and report any errors %b"><l/></custom-block></script><list><l>spoken</l></list></block><block s="reifyScript"><script><block s="doSetVar"><l>speech recognition error</l><block var="error"/></block><block s="doBroadcast"><l>speech recognition error</l></block><block s="doIf"><block var="report"/><script><block s="doIfElse"><block s="reportEquals"><block var="speech recognition error"/><l>no-speech</l></block><script><block s="bubble"><l>I didn&apos;t hear anything for a while. Bye. Click the green flag to start listening again.</l></block></script><script><block s="bubble"><block s="reportJoinWords"><list><l>There was an error: </l><block var="speech recognition error"/><l>. Click the green flag to try again.</l></list></block></block></script></block></script></block></script><list><l>error</l></list></block></custom-block></script></block-definition><block-definition s="labels from %&apos;provider&apos;" type="reporter" category="sensing"><comment x="0" y="0" w="522" collapsed="true">Reports the labels describing the most recent image recognised by the specified vision service provider.</comment><header></header><code></code><inputs><input type="%txt"><options>Google
Microsoft
Watson</options></input></inputs><script><block s="doIf"><block s="reportEquals"><block var="provider"/><l>Google</l></block><script><block s="doReport"><custom-block s="Google labels"></custom-block></block></script></block><block s="doIf"><block s="reportEquals"><block var="provider"/><l>Microsoft</l></block><script><block s="doReport"><custom-block s="Microsoft labels"></custom-block></block></script></block><block s="doIf"><block s="reportEquals"><block var="provider"/><l>Watson</l></block><script><block s="doReport"><custom-block s="IBM Watson classes"></custom-block></block></script></block><block s="doIf"><block s="reportEquals"><block var="provider"/><l></l></block><script><block s="doReport"><l>No vision provider given.</l></block></script></block><block s="doReport"><block s="reportJoinWords"><list><l>Unable to recognise vision provider: </l><block var="provider"/></list></block></block></script></block-definition><block-definition s="Do %&apos;handle response&apos; with what %&apos;provider&apos; sees and show the photo %&apos;show&apos;" type="command" category="sensing"><comment x="0" y="0" w="396" collapsed="false">Takes a picture. When the AI vision provider responds runs the blocks on the labels in the response. Can optionally display the photo.</comment><header></header><code></code><inputs><input type="%cmdRing"></input><input type="%txt"><options>Google
Microsoft
Watson</options></input><input type="%b"></input></inputs><script><custom-block s="Ask %txt to say what it sees then %cmdRing and show the picture %s"><block var="provider"/><block s="reifyScript"><script><block s="doRun"><block var="handle response"/><list><custom-block s="labels from %txt"><block var="provider"/></custom-block></list></block></script><list><l>response</l></list></block><block var="show"/></custom-block></script></block-definition><block-definition s="labels of new photo from %&apos;provider&apos;" type="reporter" category="sensing"><comment x="0" y="0" w="514" collapsed="true">Takes a picture, asks the AI vision cloud provider to classify it, and reports the response when it arrives.</comment><header></header><code></code><inputs><input type="%txt"><options>Google
Microsoft
Watson</options></input></inputs><script><block s="doDeclareVariables"><list><l>response</l></list></block><block s="doSetVar"><l>response</l><block s="reportBoolean"><l><bool>false</bool></l></block></block><custom-block s="Do %cmdRing with what %txt sees and show the photo %b"><block s="reifyScript"><script><block s="doSetVar"><l>response</l><block var="r"/></block></script><list><l>r</l></list></block><block var="provider"/><block s="reportBoolean"><l><bool>false</bool></l></block></custom-block><block s="doWaitUntil"><block s="reportNot"><block s="reportEquals"><block var="response"/><block s="reportBoolean"><l><bool>false</bool></l></block></block></block></block><block s="doReport"><block var="response"/></block></script></block-definition><block-definition s="scores from %&apos;provider&apos;" type="reporter" category="sensing"><comment x="0" y="0" w="576" collapsed="true">Reports the confidence scores for each of the labels described in the vision service provider&apos;s most recent response.</comment><header></header><code></code><inputs><input type="%txt"><options>Google
Microsoft
Watson</options></input></inputs><script><block s="doIf"><block s="reportEquals"><block var="provider"/><l>Google</l></block><script><block s="doReport"><custom-block s="Google label scores"></custom-block></block></script></block><block s="doIf"><block s="reportEquals"><block var="provider"/><l>Microsoft</l></block><script><block s="doReport"><custom-block s="Microsoft label scores"></custom-block></block></script></block><block s="doIf"><block s="reportEquals"><block var="provider"/><l>Watson</l></block><script><block s="doReport"><custom-block s="IBM Watson label scores"></custom-block></block></script></block></script></block-definition><block-definition s="Microsoft label scores" type="reporter" category="sensing"><header></header><code></code><inputs></inputs><script><block s="doReport"><custom-block s="Current image property from %txt get %mult%txt"><l>Microsoft</l><list><l>tags</l><l>confidence</l></list></custom-block></block></script></block-definition><block-definition s="Open help page" type="command" category="other"><header></header><code></code><inputs></inputs><script><custom-block s="run eCraft2Learn command %txt with %mult%s"><l>open_help_page</l><list><l></l></list></custom-block></script></block-definition><block-definition s="Load eCraft2Learn library" type="command" category="other"><comment x="0" y="0" w="248.57142857142858" collapsed="true">Returns only after eCraft2Learn library is loaded</comment><header></header><code></code><inputs></inputs><script><block s="doWaitUntil"><custom-block s="Try to load ecraft2learn library"></custom-block></block></script></block-definition><block-definition s="Try to load ecraft2learn library" type="reporter" category="other"><comment x="0" y="0" w="323.5714285714286" collapsed="true">Should only be called by Load eCraft2Learn library</comment><header></header><code></code><inputs></inputs><script><block s="doReport"><block s="evaluate"><block s="reportJSFunction"><list></list><l>if (typeof ecraft2learn === &apos;object&apos;) {&#xD;   return true;&#xD;}&#xD;if (window.waiting_for_ecraft2learn_library) {&#xD;   return false;&#xD;}&#xD;window.waiting_for_ecraft2learn_library = true;&#xD;var script = document.createElement("script");&#xD;&#xD;&#xD;&#xD;&#xD;&#xD;&#xD;&#xD;&#xD;&#xD;&#xD;script.type = "text/javascript";&#xD;&#xD;&#xD;&#xD;&#xD;&#xD;&#xD;&#xD;&#xD;&#xD;&#xD;script.src = "https://ecraft2learn.github.io/ai/ecraft2learn.js";&#xD;&#xD;&#xD;&#xD;&#xD;&#xD;&#xD;&#xD;&#xD;&#xD;&#xD;document.head.appendChild(script);&#xD;return false;</l></block><list></list></block></block></script></block-definition><block-definition s="Google image key" type="reporter" category="other"><header></header><code></code><inputs></inputs><script><block s="doReport"><l>Enter your key here</l></block></script></block-definition><block-definition s="Microsoft image key" type="reporter" category="other"><header></header><code></code><inputs></inputs><script><block s="doReport"><l>Enter your key here</l></block></script></block-definition><block-definition s="Microsoft speech key" type="reporter" category="other"><header></header><code></code><inputs></inputs><script><block s="doReport"><l>Enter your key here</l></block></script></block-definition><block-definition s="IBM Watson image key" type="reporter" category="other"><header></header><code></code><inputs></inputs><script><block s="doReport"><l>Enter your key here</l></block></script></block-definition><block-definition s="Ask Wikipedia %&apos;search words&apos; then %&apos;process response&apos; but if error then %&apos;process error&apos;" type="command" category="sensing"><comment x="0" y="0" w="167.14285714285717" collapsed="false">Searches Wikipedia for &apos;search words&apos; and then passes the list of results to &apos;process response&apos;.</comment><header></header><code></code><inputs><input type="%txt"></input><input type="%cmdRing"></input><input type="%cmdRing"></input></inputs><script><custom-block s="read URL %txt then %cmdRing or if error %cmdRing using an access key if needed %txt in JSON format %b"><block s="reportJoinWords"><list><l>https://en.wikipedia.org/w/api.php?format=json&amp;action=opensearch&amp;prop=extracts&amp;exintro=&amp;explaintext=&amp;origin=*&amp;search=</l><block var="search words"/></list></block><block s="reifyScript"><script><block s="doRun"><block var="process response"/><list><block s="reportListItem"><l>3</l><block var="responses"/></block></list></block></script><list><l>responses</l></list></block><block var="process error"/><l></l><l><bool>true</bool></l></custom-block></script></block-definition></blocks>