<blocks app="Snap! 4.0, http://snap.berkeley.edu" version="1"><block-definition s="Write pin %&apos;Pin number&apos; %&apos;action&apos; then receive response %&apos;what to do with response&apos;" type="command" category="other"><header></header><code></code><inputs><input type="%n"></input><input type="%txt" readonly="true">toggle<options>on
off
toggle</options></input><input type="%cmdRing"></input></inputs><script><block s="doIf"><block s="reportEquals"><block var="what to do with response"/><l>0</l></block><script><block s="doSetVar"><l>what to do with response</l><block s="reifyReporter"><autolambda><custom-block s="ignore %s"><l></l></custom-block></autolambda><list></list></block></block></script></block><block s="doRun"><block var="what to do with response"/><list><block s="reportURL"><block s="reportJoinWords"><list><block var="raspberry pi host"/><l>/writePin/</l><block var="Pin number"/><l>/</l><block var="action"/></list></block></block></list></block></script></block-definition><block-definition s="ignore %&apos;value&apos;" type="reporter" category="other"><header></header><code></code><inputs><input type="%s"></input></inputs><script><block s="doReport"><l>0</l></block></script></block-definition><block-definition s="Read pin %&apos;pin number&apos;" type="predicate" category="sensing"><header></header><code></code><inputs><input type="%n"></input></inputs><script><block s="doReport"><block s="reportEquals"><block s="reportURL"><block s="reportJoinWords"><list><block var="raspberry pi host"/><l>/readPin/</l><block var="pin number"/></list></block></block><l>1</l></block></block></script></block-definition></blocks>