<blocks app="Snap! 4.0, http://snap.berkeley.edu" version="1"><block-definition s="Listen for %&apos;duration&apos; seconds then %&apos;handle response&apos; but if error %&apos;handle error&apos;" type="command" category="sensing"><header></header><code></code><inputs><input type="%n"></input><input type="%cmdRing"></input><input type="%cmdRing"></input></inputs><script><custom-block s="run eCraft2Learn command %txt with %mult%s"><l>start_microsoft_speech_recognition_batch</l><list><block var="handle response"/><block var="handle error"/><block var="duration"/></list></custom-block></script></block-definition><block-definition s="Listen %&apos;respond as heard&apos; then finally %&apos;handle response&apos; but if nothing heard %&apos;handle nothing said&apos;" type="command" category="sensing"><header></header><code></code><inputs><input type="%cmdRing"></input><input type="%cmdRing"></input><input type="%cmdRing"></input></inputs><script><custom-block s="run eCraft2Learn command %txt with %mult%s"><l>start_microsoft_speech_recognition</l><list><block var="respond as heard"/><block var="handle response"/><block var="handle nothing said"/></list></custom-block></script></block-definition><block-definition s="run eCraft2Learn command %&apos;command name&apos; with %&apos;inputs&apos;" type="command" category="other"><header></header><code></code><inputs><input type="%txt"></input><input type="%mult%s"></input></inputs><script><block s="doRun"><block s="reportJSFunction"><list><l>function_name</l><l>parameters</l></list><l>"use strict";&#xD;if (typeof ecraft2learn === &apos;object&apos;) {&#xD;    ecraft2learn.snap_context = this;&#xD;    ecraft2learn.run(function_name, parameters);&#xD;} else {&#xD;    var script = document.createElement("script");&#xD;    script.type = "text/javascript";&#xD;    script.src = "https://toontalk.github.io/ai-cloud/ecraft2learn.js";&#xD;    script.addEventListener(&apos;load&apos;, function () {&#xD;        ecraft2learn.snap_context = this;&#xD;        ecraft2learn.run(function_name, parameters);&#xD;    }.bind(this));&#xD;    document.head.appendChild(script);&#xD;}</l></block><list><block var="command name"/><block var="inputs"/></list></block></script></block-definition><block-definition s="call eCraft2Learn reporter %&apos;reporter name&apos; with %&apos;inputs&apos;" type="reporter" category="other"><header></header><code></code><inputs><input type="%txt"></input><input type="%mult%s"></input></inputs><script><block s="doReport"><block s="evaluate"><block s="reportJSFunction"><list><l>function_name</l><l>parameters</l></list><l>"use strict";&#xD;if (typeof ecraft2learn === &apos;object&apos;) {&#xD;    return ecraft2learn.run(function_name, parameters);&#xD;} else {&#xD;    alert("Any eCraft2Learn command must be run before the " + function_name + " reporter.");&#xD;    return 0;&#xD;}</l></block><list><block var="reporter name"/><block var="inputs"/></list></block></block></script></block-definition></blocks>