<blocks app="Snap! 4.1, http://snap.berkeley.edu" version="1"><block-definition s="run eCraft2Learn command %&apos;command name&apos; with %&apos;inputs&apos;" type="command" category="other"><header></header><code></code><translations></translations><inputs><input type="%txt"></input><input type="%mult%s"></input></inputs><script><block s="doRun"><block s="reportJSFunction"><list><l>function_name</l><l>parameters</l></list><l>if (typeof ecraft2learn === &apos;object&apos;) {&#xD;    ecraft2learn.run(function_name, parameters);&#xD;} else {&#xD;   var script = document.createElement("script");&#xD;   script.type = "text/javascript";&#xD;   script.addEventListener(&apos;error&apos;, function () {&#xD;          alert("Unable to load https://ecraft2learn.github.io/ai/ecraft2learn.js. Check your network connection.");&#xD;   });&#xD;   script.src = "https://ecraft2learn.github.io/ai/ecraft2learn.js";&#xD;   script.addEventListener(&apos;load&apos;, function () {&#xD;          ecraft2learn.run(function_name, parameters);&#xD;   });&#xD;   document.head.appendChild(script);&#xD;}&#xD;</l></block><list><block var="command name"/><block var="inputs"/></list></block></script></block-definition><block-definition s="call eCraft2Learn reporter %&apos;reporter name&apos; with %&apos;inputs&apos;" type="reporter" category="other"><header></header><code></code><translations></translations><inputs><input type="%txt"></input><input type="%mult%s"></input></inputs><script><block s="doReport"><block s="evaluate"><block s="reportJSFunction"><list><l>function_name</l><l>parameters</l><l>no_warning</l></list><l>if (typeof ecraft2learn === &apos;object&apos;) {&#xD;    return ecraft2learn.run(function_name, parameters);&#xD;}&#xD;if (!no_warning) {&#xD;    alert("Any eCraft2Learn command must be run before the " + function_name + " reporter.");&#xD;}&#xD;return 0;</l></block><list><block var="reporter name"/><block var="inputs"/></list></block></block></script></block-definition></blocks>