<blocks app="Snap! 4.0, http://snap.berkeley.edu" version="1"><block-definition s="save project %&apos;project name&apos;" type="command" category="other"><header></header><code></code><inputs><input type="%txt"></input></inputs><script><block s="doRun"><block s="reportJSFunction"><list><l>name</l></list><l>var get_ide = function () {&#xD;    var ancestor = this;&#xD;    var value;&#xD;    while (ancestor &amp;&amp; !(ancestor instanceof IDE_Morph)) {&#xD;        ancestor = ancestor.parent;&#xD;    }&#xD;    if (ancestor) {&#xD;        return ancestor;&#xD;    } else {&#xD;        return world.children[0];&#xD;    }&#xD;}.bind(this);&#xD;&#xD;get_ide().saveProject(name);</l></block><list><block var="project name"/></list></block></script></block-definition><block-definition s="open project %&apos;project name&apos;" type="command" category="other"><header></header><code></code><inputs><input type="%txt"></input></inputs><script><block s="doRun"><block s="reportJSFunction"><list><l>name</l></list><l>var get_ide = function () {&#xD;    var ancestor = this;&#xD;    var value;&#xD;    while (ancestor &amp;&amp; !(ancestor instanceof IDE_Morph)) {&#xD;        ancestor = ancestor.parent;&#xD;    }&#xD;    if (ancestor) {&#xD;        return ancestor;&#xD;    } else {&#xD;        return world.children[0];&#xD;    }&#xD;}.bind(this);&#xD;&#xD;get_ide().openProject(name);&#xD;</l></block><list><block var="project name"/></list></block></script></block-definition></blocks>