<blocks app="Snap! 4.0, http://snap.berkeley.edu" version="1"><block-definition s="read URL %&apos;URL&apos; then %&apos;receive contents&apos; or if error %&apos;receive error&apos; using an access key if needed %&apos;key&apos;" type="command" category="sensing"><header></header><code></code><inputs><input type="%txt"></input><input type="%cmdRing"></input><input type="%cmdRing"></input><input type="%txt"></input></inputs><script><custom-block s="run eCraft2Learn command %txt with %mult%s"><l>read_url</l><list><block var="URL"/><block var="receive contents"/><block var="receive error"/><block var="key"/></list></custom-block></script></block-definition><block-definition s="run eCraft2Learn command %&apos;command name&apos; with %&apos;inputs&apos;" type="command" category="other"><header></header><code></code><inputs><input type="%txt"></input><input type="%mult%s"></input></inputs><script><block s="doRun"><block s="reportJSFunction"><list><l>function_name</l><l>parameters</l></list><l>"use strict";&#xD;&#xD;if (typeof ecraft2learn === &apos;object&apos;) {&#xD;&#xD;    ecraft2learn.snap_context = this;&#xD;&#xD;    ecraft2learn.run(function_name, parameters);&#xD;&#xD;} else {&#xD;&#xD;    var script = document.createElement("script");&#xD;&#xD;    script.type = "text/javascript";&#xD;&#xD;    script.src = "https://toontalk.github.io/ai-cloud/ecraft2learn.js";&#xD;&#xD;    script.addEventListener(&apos;load&apos;, function () {&#xD;&#xD;        ecraft2learn.snap_context = this;&#xD;&#xD;        ecraft2learn.run(function_name, parameters);&#xD;&#xD;    }.bind(this));&#xD;&#xD;    document.head.appendChild(script);&#xD;&#xD;}</l></block><list><block var="command name"/><block var="inputs"/></list></block></script></block-definition><block-definition s="call eCraft2Learn reporter %&apos;reporter name&apos; with %&apos;inputs&apos;" type="reporter" category="other"><header></header><code></code><inputs><input type="%txt"></input><input type="%mult%s"></input></inputs><script><block s="doReport"><block s="evaluate"><block s="reportJSFunction"><list><l>function_name</l><l>parameters</l></list><l>"use strict";&#xD;&#xD;if (typeof ecraft2learn === &apos;object&apos;) {&#xD;&#xD;    return ecraft2learn.run(function_name, parameters);&#xD;&#xD;} else {&#xD;&#xD;    alert("Any eCraft2Learn command must be run before the " + function_name + " reporter.");&#xD;&#xD;    return 0;&#xD;&#xD;}</l></block><list><block var="reporter name"/><block var="inputs"/></list></block></block></script></block-definition></blocks>