<blocks app="Snap! 4.1, http://snap.berkeley.edu" version="1"><block-definition s="Number of costumes" type="reporter" category="looks"><header></header><code></code><translations></translations><inputs></inputs><script><block s="doReport"><custom-block s="call eCraft2Learn reporter %txt with %mult%s"><l>costume_count</l><list><block s="reportGet"><l><option>self</option></l></block></list></custom-block></block></script></block-definition><block-definition s="Update costume %&apos;costume number&apos; with camera" type="command" category="looks"><header></header><code></code><translations></translations><inputs><input type="%n"></input></inputs><script><custom-block s="run eCraft2Learn command %txt with %mult%s"><l>update_costume_from_video</l><list><block var="costume number"/><block s="reportGet"><l><option>self</option></l></block></list></custom-block></script></block-definition><block-definition s="Snap! tab visible" type="reporter" category="sensing"><header></header><code></code><translations></translations><inputs></inputs><script><block s="doReport"><block s="evaluate"><block s="reportJSFunction"><list></list><l>return !document.hidden</l></block><list></list></block></block></script></block-definition><block-definition s="Add image to training %&apos;costume number&apos; labeled %&apos;label&apos; then do %&apos;process response&apos;" type="command" category="sensing"><comment x="0" y="0" w="444.16666666666674" collapsed="false">Adds a costume of the current sprite to the training set of &apos;label&apos;. Before calling this the &apos;Train using camera ...&quot; block needs to be run to specify the list of labels and start up the training tab.</comment><header></header><code></code><translations></translations><inputs><input type="%n"></input><input type="%txt"></input><input type="%cmdRing"></input></inputs><script><custom-block s="run eCraft2Learn command %txt with %mult%s"><l>add_image_to_training</l><list><block var="costume number"/><block var="label"/><block var="process response"/><block s="reportGet"><l><option>self</option></l></block></list></custom-block></script></block-definition><block-definition s="Image label confidences %&apos;costume number&apos; then %&apos;process response&apos;" type="command" category="sensing"><comment x="0" y="0" w="243.33333333333337" collapsed="false">The costume is analysed and the label confidence scores passed to &quot;process response&quot;. The confidences are in the same order as the labels provided to the &apos;Train using camera ...&apos; block.</comment><header></header><code></code><translations></translations><inputs><input type="%n"></input><input type="%cmdRing"></input></inputs><script><custom-block s="run eCraft2Learn command %txt with %mult%s"><l>costume_confidences</l><list><block var="costume number"/><block var="process response"/><block s="reportGet"><l><option>self</option></l></block></list></custom-block></script></block-definition><block-definition s="Current image label confidences %&apos;process confidences&apos;" type="command" category="sensing"><comment x="0" y="0" w="380" collapsed="false">Using the current training reports how confident the system is that what is in front of the camera is each of the bucket names provided in the call of &quot;Train using camera ...&quot;</comment><header></header><code></code><translations></translations><inputs><input type="%cmdRing"></input></inputs><script><custom-block s="run eCraft2Learn command %txt with %mult%s"><l>image_confidences</l><list><block var="process confidences"/></list></custom-block></script></block-definition><block-definition s="Train with all my costumes %&apos;label&apos;" type="command" category="sensing"><comment x="0" y="0" w="324.28571428571433" collapsed="false">Send all the costumes of this sprite off to the training tab with the specified label.</comment><header></header><code></code><translations></translations><inputs><input type="%txt"></input></inputs><script><block s="doIfElse"><block s="reportEquals"><custom-block s="Number of costumes"></custom-block><l>0</l></block><script><block s="bubble"><l>This sprite has no costumes.</l></block></script><script><block s="show"></block><block s="bubble"><block s="reportJoinWords"><list><l>Training </l><block var="label"/></list></block></block><custom-block s="for %upvar = %n to %n %cs"><l>i</l><l>1</l><custom-block s="Number of costumes"></custom-block><script><block s="doSwitchToCostume"><block var="i"/></block><custom-block s="Add image to training %n labeled %txt then do %cmdRing"><block var="i"/><block var="label"/><block s="reifyScript"><script></script><list></list></block></custom-block></script></custom-block><block s="hide"></block></script></block></script></block-definition><block-definition s="Current image label confidences" type="reporter" category="sensing"><header></header><code></code><translations></translations><inputs></inputs><script><block s="doDeclareVariables"><list><l>response</l></list></block><block s="doSetVar"><l>response</l><block s="reportBoolean"><l><bool>false</bool></l></block></block><custom-block s="Current image label confidences %cmdRing"><block s="reifyScript"><script><block s="doSetVar"><l>response</l><block var="r"/></block></script><list><l>r</l></list></block></custom-block><block s="doWaitUntil"><block s="reportNot"><block s="reportEquals"><block var="response"/><block s="reportBoolean"><l><bool>false</bool></l></block></block></block></block><block s="doReport"><block var="response"/></block></script></block-definition><block-definition s="Training tab ready" type="reporter" category="sensing"><header></header><code></code><translations></translations><inputs></inputs><script><block s="doReport"><custom-block s="call eCraft2Learn reporter %txt with %mult%s"><l>training_window_ready</l><list><l></l><block s="reportBoolean"><l><bool>true</bool></l></block></list></custom-block></block></script></block-definition><block-definition s="Train with image buckets %&apos;bucket names&apos; add to any earlier training %&apos;add to previous training&apos; with this page text %&apos;introduction&apos; then %&apos;do when ready&apos;" type="command" category="sensing"><comment x="0" y="0" w="343.3333333333333" collapsed="false">This will launch a training window where you can show the system examples of each of the labels in &apos;bucket names&apos;. If &apos;add to previous training&apos; is false then training will start over from scratch.</comment><header></header><code></code><translations></translations><inputs><input type="%l"></input><input type="%b"></input><input type="%txt"></input><input type="%cmdRing"></input></inputs><script><custom-block s="run eCraft2Learn command %txt with %mult%s"><l>train_using_images</l><list><block var="bucket names"/><block var="add to previous training"/><block var="introduction"/><block var="do when ready"/></list></custom-block></script></block-definition><block-definition s="Speak until done %&apos;message&apos;" type="command" category="sound"><header></header><code></code><translations></translations><inputs><input type="%txt"></input></inputs><script><block s="doDeclareVariables"><list><l>response</l></list></block><block s="doSetVar"><l>response</l><block s="reportBoolean"><l><bool>false</bool></l></block></block><custom-block s="Speak %txt then %cmdRing"><block var="message"/><block s="reifyScript"><script><block s="doSetVar"><l>response</l><block var="r"/></block></script><list><l>r</l></list></block></custom-block><block s="doWaitUntil"><block s="reportNot"><block s="reportEquals"><block var="response"/><block s="reportBoolean"><l><bool>false</bool></l></block></block></block></block></script></block-definition></blocks>