<blocks app="Snap! 4.0, http://snap.berkeley.edu" version="1"><block-definition s="save project %&apos;project name&apos;" type="command" category="other"><comment x="0" y="0" w="330" collapsed="false">Saves a project to the browser&apos;s memory.</comment><header></header><code></code><inputs><input type="%txt"></input></inputs><script><custom-block s="run eCraft2Learn command %txt with %mult%s"><l>save_project</l><list><block var="project name"/></list></custom-block></script></block-definition><block-definition s="open project %&apos;project name&apos;" type="command" category="other"><comment x="0" y="0" w="284" collapsed="false">Replaces the current project with the one named &apos;project name&apos; in the browser&apos;s memory.</comment><header></header><code></code><inputs><input type="%txt"></input></inputs><script><custom-block s="run eCraft2Learn command %txt with %mult%s"><l>open_project</l><list><block var="project name"/></list></custom-block></script></block-definition><block-definition s="run eCraft2Learn command %&apos;command name&apos; with %&apos;inputs&apos;" type="command" category="other"><header></header><code></code><inputs><input type="%txt"></input><input type="%mult%s"></input></inputs><script><block s="doRun"><block s="reportJSFunction"><list><l>function_name</l><l>parameters</l></list><l>if (typeof ecraft2learn === &apos;object&apos;) {&#xD;&#xD;&#xD;    ecraft2learn.run(function_name, parameters);&#xD;&#xD;&#xD;} else {&#xD;&#xD;&#xD;    var script = document.createElement("script");&#xD;&#xD;&#xD;    script.type = "text/javascript";&#xD;&#xD;&#xD;    script.src = "https://toontalk.github.io/ai-cloud/ecraft2learn.js";&#xD;&#xD;&#xD;    script.addEventListener(&apos;load&apos;, function () {&#xD;&#xD;&#xD;        ecraft2learn.run(function_name, parameters);&#xD;&#xD;&#xD;    });&#xD;&#xD;&#xD;    document.head.appendChild(script);&#xD;&#xD;&#xD;}</l></block><list><block var="command name"/><block var="inputs"/></list></block></script></block-definition><block-definition s="call eCraft2Learn reporter %&apos;reporter name&apos; with %&apos;inputs&apos;" type="reporter" category="other"><header></header><code></code><inputs><input type="%txt"></input><input type="%mult%s"></input></inputs><script><block s="doReport"><block s="evaluate"><block s="reportJSFunction"><list><l>function_name</l><l>parameters</l></list><l>if (typeof ecraft2learn === &apos;object&apos;) {&#xD;&#xD;&#xD;    return ecraft2learn.run(function_name, parameters);&#xD;&#xD;&#xD;} else {&#xD;&#xD;&#xD;    alert("Any eCraft2Learn command must be run before the " + function_name + " reporter.");&#xD;&#xD;&#xD;    return 0;&#xD;&#xD;&#xD;}</l></block><list><block var="reporter name"/><block var="inputs"/></list></block></block></script></block-definition></blocks>