<blocks app="Snap! 4.0, http://snap.berkeley.edu" version="1"><block-definition s="speak %&apos;message&apos; then %&apos;what to do when finished&apos; with pitch %&apos;pitch&apos; with rate %&apos;rate&apos; with voice %&apos;voice&apos; with volume %&apos;volume&apos; in language %&apos;language code&apos;" type="command" category="sound"><header></header><code></code><inputs><input type="%s"></input><input type="%cmdRing"></input><input type="%n"></input><input type="%n"></input><input type="%n"></input><input type="%n"></input><input type="%txt"></input></inputs><script><custom-block s="run eCraft2Learn command %txt with %mult%s"><l>speak</l><list><block var="message"/><block var="pitch"/><block var="rate"/><block var="voice"/><block var="volume"/><block var="language code"/><block var="what to do when finished"/></list></custom-block></script></block-definition><block-definition s="Get voice names" type="reporter" category="sound"><header></header><code></code><inputs></inputs><script><block s="doReport"><custom-block s="call eCraft2Learn reporter %txt with %mult%s"><l>get_voice_names</l><list></list></custom-block></block></script></block-definition><block-definition s="voice name of %&apos;voice number&apos;" type="reporter" category="sound"><header></header><code></code><inputs><input type="%n"></input></inputs><script><block s="doReport"><custom-block s="call eCraft2Learn reporter %txt with %mult%s"><l>get_voice_name</l><list><block var="voice number"/></list></custom-block></block></script></block-definition><block-definition s="Speak %&apos;message&apos; then %&apos;to do when finished speaking&apos;" type="command" category="sound"><header></header><code></code><inputs><input type="%txt"></input><input type="%cmdRing"></input></inputs><script><custom-block s="run eCraft2Learn command %txt with %mult%s"><l>speak</l><list><block var="message"/><l></l><l></l><l></l><l></l><l></l><block var="to do when finished speaking"/></list></custom-block></script></block-definition><block-definition s="Stop speech recognition" type="command" category="sound"><header></header><code></code><inputs></inputs><script><custom-block s="run eCraft2Learn command %txt with %mult%s"><l>stop_speech_recognition</l><list></list></custom-block></script></block-definition><block-definition s="Speak %&apos;message&apos;" type="command" category="sound"><header></header><code></code><inputs><input type="%txt"></input></inputs><script><custom-block s="run eCraft2Learn command %txt with %mult%s"><l>speak</l><list><block var="message"/><l></l><l></l><l></l><l></l><l></l><l></l></list></custom-block></script></block-definition></blocks>