<blocks app="Snap! 4.0, http://snap.berkeley.edu" version="1"><block-definition s="speak %&apos;text&apos; then %&apos;what to do when finished&apos; in language %&apos;language code&apos; with pitch %&apos;pitch&apos; with rate %&apos;rate&apos; with voice %&apos;voice&apos; with volume %&apos;volume&apos;" type="command" category="sound"><header></header><code></code><inputs><input type="%s"></input><input type="%cmdRing"></input><input type="%s"></input><input type="%n"></input><input type="%n"></input><input type="%n"></input><input type="%n"></input></inputs><script><block s="doRun"><block s="reportJSFunction"><list><l>message</l><l>finished_callback</l><l>lang</l><l>pitch</l><l>rate</l><l>voice</l><l>volume</l></list><l>// see https://developer.mozilla.org/en-US/docs/Web/API/SpeechSynthesisUtterance&#xD;var utterance = new SpeechSynthesisUtterance(message);&#xD;if (lang) {&#xD;   utterance.lang = lang;&#xD;}&#xD;if (pitch &gt; 0) {&#xD;   utterance.pitch = pitch;&#xD;}&#xD;if (rate &gt; 0) {&#xD;   if (rate &lt; .1) {&#xD;      // A very slow rate breaks Chrome&apos;s speech synthesiser&#xD;      rate = .1;&#xD;   }&#xD;   if (rate &gt; 2) {&#xD;      rate = 2; // high rate also breaks Chrome&apos;s speech synthesis&#xD;   }&#xD;   utterance.rate = rate;&#xD;}&#xD;if (voice) {&#xD;   voices = window.speechSynthesis.getVoices();&#xD;   if (voice &gt;= 0 &amp;&amp; voice &lt; voices.length) {&#xD;       utterance.voice = voices[Math.floor(voice)];&#xD;   } else {&#xD;       alert("Only " + voices.length + " voices are available. You can&apos;t choose voice number " + voice);&#xD;   }&#xD;}&#xD;if (volume &gt; 0) {&#xD;   utterance.volume = volume;&#xD;}&#xD;if (typeof finished_callback === &apos;object&apos;) {&#xD;   // callback provided&#xD;   utterance.onend = function (event) {&#xD;       invoke(finished_callback, new List([message]));&#xD;   };&#xD;}&#xD;if (window.speech_recognition) {&#xD;   window.speech_recognition.abort();&#xD;}&#xD;window.speechSynthesis.speak(utterance);&#xD;</l></block><list><block var="text"/><block var="what to do when finished"/><block var="language code"/><block var="pitch"/><block var="rate"/><block var="voice"/><block var="volume"/></list></block></script></block-definition><block-definition s="voice name %&apos;voice&apos;" type="reporter" category="sound"><header></header><code></code><inputs><input type="%n"></input></inputs><script><block s="doReport"><block s="evaluate"><block s="reportJSFunction"><list><l>voice</l></list><l>var voices = window.speechSynthesis.getVoices();&#xD;&#xD;&#xD;&#xD;&#xD;if (voice &gt;= 0 &amp;&amp; voice &lt; voices.length) {&#xD;&#xD;&#xD;&#xD;&#xD;    return voices[Math.floor(voice)].name;&#xD;&#xD;&#xD;&#xD;&#xD;} else {&#xD;&#xD;&#xD;&#xD;&#xD;    alert("Only " + voices.length + " voices are available. You can&apos;t choose voice number " + voice);&#xD;&#xD;&#xD;&#xD;&#xD;}</l></block><list><block var="voice"/></list></block></block></script></block-definition></blocks>