<blocks app="Snap! 4.1, http://snap.berkeley.edu" version="1"><block-definition s="Speak (using Mary TTS) %&apos;message&apos; with voice %&apos;voice number&apos; at %&apos;volume&apos; volume %&apos;do when finished&apos;" type="command" category="sound"><comment x="0" y="0" w="375" collapsed="false">Says message using &apos;voice number&apos;. &apos;Volume&apos; is between 0 and 1. If provided will run the blocks in &apos;do when finished&apos; when speech has completed.</comment><header></header><code></code><inputs><input type="%txt"></input><input type="%n"></input><input type="%n"></input><input type="%cmdRing"></input></inputs><script><custom-block s="run eCraft2Learn command %txt with %mult%s"><l>speak_using_mary_tts</l><list><block var="message"/><block var="volume"/><block var="voice number"/><block var="do when finished"/></list></custom-block></script></block-definition><block-definition s="Get Mary TTS voices" type="reporter" category="sound"><header></header><code></code><inputs></inputs><script><block s="doReport"><custom-block s="call eCraft2Learn reporter %txt with %mult%s"><l>get_mary_tts_voice_names</l><list></list></custom-block></block></script></block-definition><block-definition s="Get Mary TTS voice name %&apos;voice number&apos;" type="reporter" category="sound"><header></header><code></code><inputs><input type="%n"></input></inputs><script><block s="doReport"><custom-block s="call eCraft2Learn reporter %txt with %mult%s"><l>get_mary_tts_voice_name</l><list><block var="voice number"/></list></custom-block></block></script></block-definition></blocks>