<blocks app="Snap! 4.0, http://snap.berkeley.edu" version="1"><block-definition s="listen for a number %&apos;what to do with the number&apos; %&apos;what to do if not a number&apos;" type="command" category="sensing"><header></header><code></code><inputs><input type="%cmdRing"></input><input type="%cmdRing"></input></inputs><script><custom-block s="Listen then %cmdRing but if error %cmdRing"><block s="reifyScript"><script><block s="doIfElse"><block s="reportIsA"><block var="spoken"/><l><option>number</option></l></block><script><block s="doRun"><block var="what to do with the number"/><list><block var="spoken"/></list></block></script><script><block s="doRun"><block var="what to do if not a number"/><list><block var="spoken"/></list></block></script></block></script><list><l>spoken</l></list></block><block var="what to do if not a number"/></custom-block></script></block-definition><block-definition s="set language to %&apos;language&apos;" type="command" category="other"><header></header><code></code><inputs><input type="%s"></input></inputs><script><block s="doRun"><block s="reportJSFunction"><list><l>lang</l></list><l>if (window.speech_recognition) {&#xD;   window.speech_recognition.lang = lang;&#xD;}</l></block><list><block var="language"/></list></block></script></block-definition><block-definition s="run eCraft2Learn command %&apos;command name&apos; with %&apos;inputs&apos;" type="command" category="other"><header></header><code></code><inputs><input type="%txt"></input><input type="%mult%s"></input></inputs><script><block s="doRun"><block s="reportJSFunction"><list><l>function_name</l><l>parameters</l></list><l>if (typeof ecraft2learn === &apos;object&apos;) {&#xD;&#xD;&#xD;&#xD;&#xD;&#xD;&#xD;    ecraft2learn.run(function_name, parameters);&#xD;&#xD;&#xD;&#xD;&#xD;&#xD;&#xD;} else {&#xD;&#xD;&#xD;&#xD;&#xD;&#xD;&#xD;    var script = document.createElement("script");&#xD;&#xD;&#xD;&#xD;&#xD;&#xD;&#xD;    script.type = "text/javascript";&#xD;&#xD;&#xD;&#xD;&#xD;&#xD;&#xD;    script.src = "https://toontalk.github.io/ai-cloud/ecraft2learn.js";&#xD;&#xD;&#xD;&#xD;&#xD;&#xD;&#xD;    script.addEventListener(&apos;load&apos;, function () {&#xD;&#xD;&#xD;&#xD;&#xD;&#xD;&#xD;        ecraft2learn.run(function_name, parameters);&#xD;&#xD;&#xD;&#xD;&#xD;&#xD;&#xD;    });&#xD;&#xD;&#xD;&#xD;&#xD;&#xD;&#xD;    document.head.appendChild(script);&#xD;&#xD;&#xD;&#xD;&#xD;&#xD;&#xD;}</l></block><list><block var="command name"/><block var="inputs"/></list></block></script></block-definition><block-definition s="call eCraft2Learn reporter %&apos;reporter name&apos; with %&apos;inputs&apos;" type="reporter" category="other"><header></header><code></code><inputs><input type="%txt"></input><input type="%mult%s"></input></inputs><script><block s="doReport"><block s="evaluate"><block s="reportJSFunction"><list><l>function_name</l><l>parameters</l></list><l>if (typeof ecraft2learn === &apos;object&apos;) {&#xD;&#xD;&#xD;&#xD;&#xD;&#xD;&#xD;    return ecraft2learn.run(function_name, parameters);&#xD;&#xD;&#xD;&#xD;&#xD;&#xD;&#xD;} else {&#xD;&#xD;&#xD;&#xD;&#xD;&#xD;&#xD;    alert("Any eCraft2Learn command must be run before the " + function_name + " reporter.");&#xD;&#xD;&#xD;&#xD;&#xD;&#xD;&#xD;    return 0;&#xD;&#xD;&#xD;&#xD;&#xD;&#xD;&#xD;}</l></block><list><block var="reporter name"/><block var="inputs"/></list></block></block></script></block-definition><block-definition s="speak %&apos;message&apos; then %&apos;what to do when finished&apos; with pitch %&apos;pitch&apos; with rate %&apos;rate&apos; with voice %&apos;voice&apos; with volume %&apos;volume&apos; in language %&apos;language code&apos;" type="command" category="sound"><header></header><code></code><inputs><input type="%s"></input><input type="%cmdRing"></input><input type="%n"></input><input type="%n"></input><input type="%n"></input><input type="%n"></input><input type="%txt"></input></inputs><script><custom-block s="run eCraft2Learn command %txt with %mult%s"><l>speak</l><list><block var="message"/><block var="pitch"/><block var="rate"/><block var="voice"/><block var="volume"/><block var="language code"/><block var="what to do when finished"/></list></custom-block></script></block-definition><block-definition s="Get voice names" type="reporter" category="sound"><header></header><code></code><inputs></inputs><script><block s="doReport"><custom-block s="call eCraft2Learn reporter %txt with %mult%s"><l>get_voice_names</l><list></list></custom-block></block></script></block-definition><block-definition s="voice name of %&apos;voice number&apos;" type="reporter" category="sound"><header></header><code></code><inputs><input type="%n"></input></inputs><script><block s="doReport"><custom-block s="call eCraft2Learn reporter %txt with %mult%s"><l>get_voice_name</l><list><block var="voice number"/></list></custom-block></block></script></block-definition><block-definition s="Speak %&apos;message&apos; then %&apos;to do when finished speaking&apos;" type="command" category="sound"><header></header><code></code><inputs><input type="%txt"></input><input type="%cmdRing"></input></inputs><script><custom-block s="run eCraft2Learn command %txt with %mult%s"><l>speak</l><list><block var="message"/><l></l><l></l><l></l><l></l><l></l><block var="to do when finished speaking"/></list></custom-block></script></block-definition><block-definition s="Stop speech recognition" type="command" category="sensing"><header></header><code></code><inputs></inputs><script><custom-block s="run eCraft2Learn command %txt with %mult%s"><l>stop_speech_recognition</l><list></list></custom-block></script></block-definition><block-definition s="Speak %&apos;message&apos;" type="command" category="sound"><header></header><code></code><inputs><input type="%txt"></input></inputs><script><custom-block s="run eCraft2Learn command %txt with %mult%s"><l>speak</l><list><block var="message"/><l></l><l></l><l></l><l></l><l></l><l></l></list></custom-block></script></block-definition><block-definition s="listen" type="command" category="sensing"><comment x="0" y="0" w="90" collapsed="false">When something is spoken this broadcasts &apos;heard something&apos; and sets &apos;last thing spoken&apos; to the text that was spoken.</comment><header></header><code></code><inputs></inputs><script><custom-block s="Listen then %cmdRing but if error %cmdRing"><block s="reifyScript"><script><block s="doSetVar"><l>last thing spoken</l><block var="spoken"/></block><block s="doBroadcast"><l>heard something</l></block><custom-block s="listen"></custom-block></script><list><l>spoken</l></list></block><block s="reifyScript"><script><block s="doSetVar"><l>speech recognition error</l><block var="error"/></block><block s="doBroadcast"><l>speech recognition error</l></block><block s="doIfElse"><block s="reportEquals"><block var="speech recognition error"/><l>no-speech</l></block><script><custom-block s="Speak %txt"><l>I didn&apos;t hear anything for a while. Bye. Click the green flag to start listening again..</l></custom-block><custom-block s="Stop speech recognition"></custom-block></script><script><custom-block s="Speak %txt"><block s="reportJoinWords"><list><l>There was an error. </l><block var="speech recognition error"/></list></block></custom-block><block s="bubble"><block s="reportJoinWords"><list><l>There was an error. </l><block var="speech recognition error"/></list></block></block><custom-block s="Speak %txt then %cmdRing"><l>Try again.</l><block s="reifyScript"><script><custom-block s="listen"></custom-block></script><list></list></block></custom-block></script></block></script><list><l>error</l></list></block></custom-block></script></block-definition><block-definition s="Listen then %&apos;handle response&apos; but if error %&apos;handle error&apos;" type="command" category="sensing"><header></header><code></code><inputs><input type="%cmdRing"></input><input type="%cmdRing"></input></inputs><script><custom-block s="run eCraft2Learn command %txt with %mult%s"><l>start_speech_recognition</l><list><block var="handle response"/><block var="handle error"/></list></custom-block></script></block-definition><block-definition s="Microsoft speech key" type="reporter" category="other"><header></header><code></code><inputs></inputs><script><block s="doReport"><l>Enter your key here</l></block></script></block-definition></blocks>