<blocks app="Snap! 4.1, http://snap.berkeley.edu" version="1"><block-definition s="Train using camera with buckets %&apos;bucket names&apos; add to any earlier training %&apos;add to previous training&apos;" type="command" category="sensing"><comment x="0" y="0" w="343.33333333333337" collapsed="false">This will launch a training window where you can show the system examples of each of the labels in &apos;bucket names&apos;. If &apos;add to previous training&apos; is false then training will start over from scratch.</comment><header></header><code></code><translations></translations><inputs><input type="%l"></input><input type="%b"></input></inputs><script><custom-block s="run eCraft2Learn command %txt with %mult%s"><l>train_using_camera</l><list><block var="bucket names"/><block var="add to previous training"/></list></custom-block></script></block-definition><block-definition s="Current image label confidences %&apos;process confidences&apos;" type="command" category="sensing"><comment x="0" y="0" w="380" collapsed="false">Using the current training reports how confident the system is that what is in front of the camera is each of the bucket names provided in the call of &quot;Train using camera ...&quot;</comment><header></header><code></code><translations></translations><inputs><input type="%cmdRing"></input></inputs><script><custom-block s="run eCraft2Learn command %txt with %mult%s"><l>image_confidences</l><list><block var="process confidences"/></list></custom-block></script></block-definition><block-definition s="Snap! tab visible" type="reporter" category="sensing"><header></header><code></code><translations></translations><inputs></inputs><script><block s="doReport"><block s="evaluate"><block s="reportJSFunction"><list></list><l>return !document.hidden</l></block><list></list></block></block></script></block-definition><block-definition s="Add image to training %&apos;costume number&apos; labeled %&apos;label&apos; then do %&apos;process response&apos;" type="command" category="sensing"><comment w="444.1666666666667" collapsed="true">Adds a costume of the current sprite to the training set of &apos;label&apos;.</comment><header></header><code></code><translations></translations><inputs><input type="%n"></input><input type="%txt"></input><input type="%cmdRing"></input></inputs><script><custom-block s="run eCraft2Learn command %txt with %mult%s"><l>add_image_to_training</l><list><block var="costume"/><block var="label"/><block var="process response"/></list></custom-block></script></block-definition></blocks>